{
  "train_loss": [
    0.867404,
    0.39119,
    0.238885,
    0.154018,
    0.107761,
    0.114916,
    0.082375
  ],
  "train_accuracy": [
    0.683258,
    0.870475,
    0.920249,
    0.950792,
    0.963801,
    0.964367,
    0.973416
  ],
  "val_loss": [
    0.573426,
    0.508106,
    0.466639,
    0.407827,
    0.411605,
    0.503242,
    0.492309
  ],
  "val_accuracy": [
    0.799472,
    0.823219,
    0.836412,
    0.862797,
    0.85752,
    0.860158,
    0.868074
  ]
}